,Team,FG_Percentage,TP_Percentage,FT_Percentage,Minutes.per.Game,Points.per.Game,TRB.per.game,Assits.per.Game,WS_per_game,BPM,VORP,Player
0,TOR,0.483,0.349,0.777,33.413316582914575,14.983668341708542,7.685929648241206,3.443467336683417,79.5,3.4,36.3,Marc Gasol
1,TOR,0.441,0.343,0.807,16.8359375,7.08984375,2.1328125,1.21484375,7.3,-1.4,0.6,Norman Powell
2,TOR,0.529,0.31,0.748,23.612903225806452,10.165898617511521,5.142857142857143,1.976958525345622,15.7,2.3,5.5,Pascal Siakam
3,TOR,0.461,0.35,0.6,20.204225352112676,6.464788732394366,2.732394366197183,0.7183098591549296,5.0,-0.4,1.2,OG Anunoby
4,TOR,0.423,0.367,0.805,31.302217036172696,14.442240373395565,4.269544924154026,6.102683780630105,86.8,3.8,39.3,Kyle Lowry
5,TOR,0.514,0.356,0.761,28.713527851458885,12.348806366047745,7.290450928381963,0.7228116710875332,63.9,0.6,14.3,Serge Ibaka
6,TOR,0.415,0.398,0.836,20.325842696629213,8.415730337078651,2.235955056179775,3.3258426966292136,9.6,0.7,2.4,Fred VanVleet
7,,0.442,0.316,0.867,5.655172413793103,3.206896551724138,1.9655172413793103,0.06896551724137931,0.6,0.7,0.1,Chris Boucher
8,,0.444,0.429,0.875,7.72,2.92,0.8,0.16,0.4,-2.0,0.0,Malcolm Miller
9,,0.42,0.299,0.791,15.490445859872612,3.7261146496815285,1.464968152866242,1.1910828025477707,2.8,-2.3,-0.2,Patrick McCaw
10,,0.374,0.293,0.764,21.614035087719298,6.964912280701754,3.382456140350877,1.4842105263157894,3.3,-2.1,-0.2,Stanley Johnson
11,,0.444,0.223,0.739,23.632478632478634,9.893162393162394,5.8760683760683765,1.9658119658119657,9.1,-1.0,1.4,Rondae Hollis-Jefferson
12,TOR,0.333,0.333,,15.0,5.0,5.0,2.0,0.1,9.3,0.0,Terence Davis
13,,0.505,0.332,0.79,22.672566371681416,7.951327433628318,6.221238938053097,1.3915929203539823,24.4,1.6,9.2,Gorgui Dieng
14,MIN,0.446,0.355,0.842,27.748948106591865,12.711079943899017,2.4712482468443198,5.819074333800842,48.4,0.0,10.0,Jeff Teague
15,MIN,0.44,0.331,0.735,35.96009975062344,19.423940149625935,4.266832917705735,2.162094763092269,13.0,-2.5,-1.9,Andrew Wiggins
16,MIN,0.403,0.361,0.813,29.908256880733944,12.752293577981652,5.538226299694189,1.547400611620795,17.8,1.2,7.9,Robert Covington
17,MIN,0.386,0.279,0.729,23.613333333333333,7.746666666666667,2.9466666666666668,1.2533333333333334,1.4,-1.5,0.2,Josh Okogie
18,,0.423,0.25,0.643,16.766666666666666,5.033333333333333,2.7666666666666666,0.5666666666666667,0.3,-3.1,-0.1,Keita Bates-Diop
19,MIN,0.392,0.351,0.81,16.079310344827586,6.413793103448276,1.7241379310344827,2.0482758620689654,6.4,-1.6,0.5,Shabazz Napier
20,MIN,0.394,0.358,0.722,15.785714285714286,4.150793650793651,2.0317460317460316,0.8174603174603174,2.7,-1.8,0.1,Treveon Graham
21,MIN,0.536,0.394,0.836,34.44135802469136,22.29320987654321,11.867283950617283,2.5987654320987654,45.7,5.0,19.8,Karl-Anthony Towns
22,MIN,0.4,0.0,,16.0,4.0,2.0,0.0,0.0,-6.6,0.0,Jarrett Culver
23,MIN,0.459,0.305,0.714,12.387323943661972,4.669014084507042,1.823943661971831,0.5352112676056338,2.8,-1.6,0.2,Jake Layman
24,MIN,0.453,0.313,0.683,17.696666666666665,5.1,5.403333333333333,0.7633333333333333,8.3,-2.6,-0.8,Noah Vonleh
25,,0.57,0.0,0.647,12.776,3.88,3.128,1.424,4.5,1.7,1.5,Jordan Bell
26,BRK,0.427,0.38,0.821,25.573604060913706,11.421319796954315,3.8375634517766497,1.9746192893401016,4.7,-1.4,0.8,Taurean Prince
27,BRK,0.437,0.329,0.703,24.857988165680474,11.201183431952662,3.57396449704142,3.366863905325444,5.7,-0.7,1.4,Caris LeVert
28,BRK,0.589,0.183,0.725,23.352941176470587,9.581699346405228,6.9869281045751634,1.0457516339869282,11.9,1.6,3.2,Jarrett Allen
29,,0.409,0.1,0.0,4.333333333333333,2.111111111111111,0.5555555555555556,0.2222222222222222,-0.1,-10.4,-0.1,Džanan Musa
30,BRK,0.449,0.315,0.783,20.328125,8.34375,3.875,0.8125,1.6,-2.5,-0.1,Rodions Kurucs
31,BRK,0.476,0.429,0.797,22.634980988593156,9.384030418250951,2.8365019011406845,1.494296577946768,10.5,-0.5,2.2,Joe Harris
32,BRK,0.408,0.323,0.8,24.358267716535433,11.01968503937008,2.5866141732283463,4.519685039370079,13.4,-0.7,2.1,Spencer Dinwiddie
33,,0.493,0.381,0.883,36.87279151943463,27.02002355712603,7.05771495877503,4.106007067137809,141.7,5.1,55.7,Kevin Durant
34,BRK,0.67,0.091,0.467,28.181707317073172,9.558536585365854,10.845121951219513,0.8707317073170732,83.4,2.2,24.4,DeAndre Jordan
35,BRK,0.465,0.39,0.875,33.80550098231827,22.286836935166995,3.654223968565815,5.679764243614931,58.8,3.8,25.1,Kyrie Irving
36,,0.444,0.343,0.768,30.50390015600624,12.882995319812792,5.349453978159127,1.8190327613104524,28.3,-0.8,6.1,Wilson Chandler
37,BRK,0.408,0.353,0.729,20.279611650485435,5.867961165048544,2.1339805825242717,1.6194174757281554,11.3,-1.2,2.2,Garrett Temple
38,,0.342,0.261,0.864,11.722222222222221,4.5,2.0,1.1666666666666667,0.0,-4.8,-0.1,Theo Pinson
39,BRK,0.49,0.326,0.66,21.408450704225352,7.112676056338028,3.908450704225352,1.2112676056338028,4.6,-1.7,0.2,David Nwaba
40,,0.377,0.353,0.774,9.657894736842104,4.276315789473684,2.473684210526316,0.5657894736842105,0.3,-6.1,-0.8,Henry Ellenson
41,,0.387,0.32,0.82,15.590643274853802,5.701754385964913,1.8596491228070176,0.9064327485380117,1.8,-4.5,-1.6,Timothé Luwawu-Cabarrot
42,,0.477,0.277,0.714,25.40855106888361,8.764845605700712,5.589073634204276,1.190023752969121,21.2,-1.1,2.4,Michael Kidd-Gilchrist
43,CHO,0.511,0.25,0.74,22.947513812154696,8.243093922651934,5.792817679558011,1.3701657458563536,24.2,0.8,5.9,Cody Zeller
44,CHO,0.435,0.358,0.841,31.561197916666668,11.76953125,5.26171875,3.7799479166666665,54.1,2.4,26.8,Nicolas Batum
45,,0.517,0.0,0.571,20.30017152658662,4.939965694682676,6.2778730703259,0.4939965694682676,22.9,-2.0,0.1,Bismack Biyombo
46,CHO,0.443,0.362,0.807,28.617733990147784,10.481773399014779,5.285714285714286,1.2945812807881774,62.8,-0.2,13.1,Marvin Williams
47,,0.53,0.364,0.696,14.780898876404494,7.044943820224719,5.595505617977528,1.0617977528089888,7.8,0.1,1.4,Willy Hernangómez
48,CHO,0.377,0.336,0.871,15.540145985401459,7.890510948905109,1.489051094890511,1.5401459854014599,0.3,-4.1,-1.1,Malik Monk
49,CHO,0.43,0.37,0.753,15.515463917525773,5.288659793814433,2.247422680412371,0.9072164948453608,1.1,-4.7,-1.0,Dwayne Bacon
50,CHO,0.465,0.322,0.753,21.333333333333332,7.469135802469136,4.049382716049383,1.2098765432098766,2.9,-0.6,0.6,Miles Bridges
51,CHO,0.36,0.313,0.776,14.957446808510639,5.1063829787234045,1.425531914893617,2.74468085106383,0.8,-3.5,-0.3,Devonte' Graham
52,CHO,0.529,0.636,1.0,38.0,27.0,4.0,1.0,0.1,2.0,0.0,PJ Washington
53,CHO,0.379,0.354,0.777,20.01098901098901,7.681318681318682,3.578754578754579,2.3333333333333335,9.8,-0.6,1.9,Terry Rozier
54,,0.423,0.282,1.0,19.545454545454547,5.9393939393939394,1.5151515151515151,2.0606060606060606,-0.2,-6.0,-0.6,Kobi Simmons
55,,0.399,0.374,0.754,22.917910447761194,8.014925373134329,4.059701492537314,2.291044776119403,3.1,-1.2,0.6,Denzel Valentine
56,CHI,0.418,0.321,0.721,24.129943502824858,8.598870056497175,3.2542372881355934,4.389830508474576,1.7,-1.2,0.8,Kris Dunn
57,CHI,0.433,0.359,0.857,30.876033057851238,16.876033057851238,8.223140495867769,1.2892561983471074,6.3,-1.8,0.2,Lauri Markkanen
58,,0.568,0.0,0.67,14.547169811320755,4.570754716981132,4.0754716981132075,0.7452830188679245,7.7,-1.5,0.4,Cristiano Felício
59,CHI,0.483,0.404,0.794,26.9375,10.98,4.9775,1.485,29.1,1.9,10.7,Otto Porter
60,,0.459,0.28,0.605,20.34090909090909,5.204545454545454,4.204545454545454,0.7727272727272727,0.6,-4.3,-0.5,Chandler Hutchison
61,CHI,0.484,0.188,0.798,25.31111111111111,10.377777777777778,7.022222222222222,1.7333333333333334,1.9,-0.7,0.4,Wendell Carter Jr.
62,CHI,0.446,0.373,0.825,29.93877551020408,16.07482993197279,3.3877551020408165,3.496598639455782,8.0,-1.6,1.0,Zach LaVine
63,CHI,0.462,0.25,0.8,27.0,17.0,3.0,7.0,0.1,-1.1,0.0,Coby White
64,CHI,0.488,0.4,0.792,21.563981042654028,6.5829383886255926,2.8199052132701423,3.6966824644549763,10.2,-0.4,1.8,Tomáš Satoranský
65,CHI,0.501,0.33,0.673,30.726164079822617,13.37139689578714,5.988913525498892,1.6541019955654102,59.8,0.7,19.1,Thaddeus Young
66,CHI,0.446,0.368,0.87,21.471698113207548,5.6415094339622645,2.330188679245283,2.8773584905660377,4.0,-1.3,0.4,Ryan Arcidiacono
67,CHI,0.38,0.359,0.807,16.671641791044777,6.8059701492537314,3.029850746268657,1.1940298507462686,1.8,0.4,0.7,Luke Kornet
68,,0.442,0.261,0.683,18.895833333333332,6.520833333333333,2.9479166666666665,2.0208333333333335,2.2,-1.0,0.5,Shaquille Harrison
69,PHO,0.434,0.365,0.771,26.723247232472325,10.988929889298893,3.3431734317343174,2.5350553505535056,15.1,0.1,3.9,Tyler Johnson
70,PHO,0.433,0.358,0.836,26.900414937759336,12.639004149377593,6.199170124481328,2.120331950207469,11.2,-0.6,2.3,Dario Šarić
71,PHO,0.586,0.0,0.746,30.77777777777778,16.34722222222222,10.277777777777779,1.7361111111111112,6.1,0.2,1.2,Deandre Ayton
72,PHO,0.429,0.333,0.803,29.397590361445783,8.301204819277109,3.216867469879518,2.0963855421686746,3.0,-0.2,1.1,Mikal Bridges
73,PHO,0.499,0.289,0.808,15.107476635514018,5.408878504672897,4.411214953271028,0.719626168224299,17.0,-1.3,1.1,Aron Baynes
74,PHO,0.395,0.301,0.787,17.77777777777778,5.685185185185185,1.8148148148148149,2.3518518518518516,-0.5,-5.8,-0.9,Elie Okobo
75,PHO,0.438,0.354,0.853,32.88278388278388,21.399267399267398,3.468864468864469,4.263736263736264,10.0,-1.1,2.0,Devin Booker
76,PHO,0.313,0.346,0.813,14.875,4.575,1.675,1.8,0.1,-3.7,-0.3,Jevon Carter
77,PHO,0.388,0.321,0.838,30.861723446893787,11.094188376753507,4.2044088176352705,7.671342685370742,32.4,1.2,12.3,Ricky Rubio
78,PHO,0.424,0.32,0.779,22.088737201365188,9.41296928327645,3.7235494880546076,0.8293515358361775,8.5,-2.3,-0.4,Kelly Oubre Jr.
79,PHO,0.419,0.348,0.761,22.159010600706715,9.777385159010601,3.978798586572438,1.6042402826855124,11.1,-1.1,1.3,Frank Kaminsky
80,PHO,0.585,0.25,0.75,12.522388059701493,5.447761194029851,4.597014925373134,0.417910447761194,5.0,-2.6,-0.2,Cheick Diallo
81,PHO,0.0,0.0,,2.0,0.0,0.0,0.0,0.0,-20.6,0.0,Jared Harper
82,NOP,0.458,0.392,0.744,21.641472868217054,8.040697674418604,2.005813953488372,1.819767441860465,13.5,-1.8,0.7,E'Twaun Moore
83,NOP,0.457,0.33,0.664,31.670157068062828,13.93193717277487,4.722513089005235,2.905759162303665,4.6,-2.7,-1.0,Brandon Ingram
84,NOP,0.38,0.317,0.446,32.28,10.01,6.16,6.36,3.6,1.2,2.6,Lonzo Ball
85,NOP,0.435,0.363,0.702,24.458015267175572,7.908396946564886,3.9770992366412212,1.3282442748091603,5.6,-0.4,1.3,Josh Hart
86,NOP,0.452,0.354,0.784,33.119448698315466,15.560490045941807,3.8330781010719757,6.3660030627871365,38.9,1.3,17.9,Jrue Holiday
87,NOP,0.435,0.314,0.747,19.080645161290324,8.129032258064516,2.161290322580645,1.1290322580645162,0.5,-5.0,-0.9,Frank Jackson
88,NOP,0.525,0.21,0.664,25.73143759873618,11.57345971563981,7.194312796208531,1.1105845181674565,49.5,1.4,14.1,Derrick Favors
89,NOP,0.378,0.329,0.727,23.340425531914892,6.0,4.787234042553192,1.8297872340425532,1.2,-0.2,0.5,Kenrich Williams
90,NOP,0.53,0.2,0.679,21.073298429319372,11.44502617801047,5.12041884816754,0.9162303664921466,5.3,-3.5,-1.5,Jahlil Okafor
91,NOP,0.1,0.143,,12.0,3.0,4.0,2.0,-0.1,-6.9,0.0,Nickeil Alexander-Walker
92,NOP,0.448,0.413,0.89,25.910394265232974,12.903225806451612,2.019115890083632,2.022700119474313,58.9,0.0,11.0,J.J. Redick
93,NOP,0.714,0.8,,20.0,14.0,5.0,2.0,0.1,9.1,0.1,Nicolò Melli
94,,0.418,0.382,0.83,20.399209486166008,6.023715415019763,1.6719367588932805,1.3675889328063242,5.9,-1.7,0.4,Darius Miller
95,,0.268,0.231,0.636,17.2,6.4,2.0,2.4,-0.2,-5.5,-0.1,Josh Gray
96,SAS,0.445,0.328,0.713,17.408333333333335,6.683333333333334,4.241666666666666,2.375,3.4,0.4,1.3,Dejounte Murray
97,SAS,0.451,0.283,0.827,34.13811420982736,19.845949535192563,4.256308100929615,3.395750332005312,60.2,-0.5,10.0,DeMar DeRozan
98,SAS,0.643,0.5,0.56,16.070093457943926,5.425233644859813,4.542056074766355,0.7616822429906542,12.4,2.9,4.3,Jakob Pöltl
99,SAS,0.479,0.361,0.757,22.223529411764705,8.541176470588235,3.235294117647059,3.235294117647059,4.2,0.8,1.4,Derrick White
100,SAS,0.43,0.391,0.849,18.998349834983497,8.41914191419142,1.66996699669967,2.3646864686468647,27.5,0.4,7.1,Patty Mills
101,SAS,0.491,0.285,0.81,34.488958990536275,19.579390115667717,8.386961093585699,1.9526813880126184,107.1,1.4,28.3,LaMarcus Aldridge
102,,0.348,0.385,0.8,6.9411764705882355,2.6470588235294117,1.0,0.5294117647058824,0.0,-4.4,-0.1,Lonnie Walker
103,SAS,0.425,0.376,0.846,23.237562189054728,9.965174129353233,2.078358208955224,1.6927860696517414,29.6,-1.7,1.6,Marco Belinelli
104,SAS,0.438,0.407,0.786,20.743718592964825,8.22110552763819,1.8944723618090453,1.4020100502512562,6.2,-1.9,0.1,Bryn Forbes
105,,0.328,0.0,0.765,5.0,1.7586206896551724,1.2413793103448276,0.4482758620689655,-0.3,-9.2,-0.3,Chimezie Metu
106,,0.577,,0.846,4.913043478260869,1.7826086956521738,1.4782608695652173,0.30434782608695654,0.3,-2.3,0.0,Drew Eubanks
107,,0.43,0.36,0.743,24.160649819494584,9.13898916967509,4.330324909747293,1.2653429602888087,29.3,0.7,9.1,DeMarre Carroll
108,SAS,0.456,0.347,0.796,33.986363636363635,17.58409090909091,5.930681818181818,2.2363636363636363,55.0,0.5,18.9,Rudy Gay
109,SAS,0.431,0.33,0.706,17.560553633217992,7.633217993079585,3.9377162629757785,1.0588235294117647,8.2,-2.5,-0.6,Trey Lyles
110,MIA,0.42,0.344,0.645,28.28138528138528,9.021645021645021,5.32034632034632,2.683982683982684,8.0,-0.7,2.1,Justise Winslow
111,MIA,0.466,0.363,0.763,28.011857707509883,13.754940711462451,3.054018445322793,4.810276679841897,51.2,1.1,16.7,Goran Dragić
112,MIA,0.478,0.384,0.828,15.51776649746193,5.540609137055838,3.738578680203046,0.8578680203045685,13.4,-1.4,0.9,Meyers Leonard
113,MIA,0.549,0.136,0.73,21.74342105263158,8.026315789473685,6.506578947368421,1.894736842105263,11.1,1.8,3.2,Bam Adebayo
114,,0.477,0.305,0.695,20.700996677740864,7.9485049833887045,3.5980066445182723,2.127906976744186,23.5,1.1,9.7,James Johnson
115,,0.412,0.347,0.692,28.43031784841076,13.188264058679707,2.650366748166259,2.7946210268948657,8.7,-2.5,-1.6,Dion Waiters
116,MIA,0.478,0.367,0.766,21.587557603686637,9.894009216589861,4.894009216589862,1.8847926267281105,25.0,1.4,8.1,Kelly Olynyk
117,MIA,0.501,0.283,0.636,17.336283185840706,5.79646017699115,3.168141592920354,0.5132743362831859,4.4,-0.5,0.8,Derrick Jones Jr.
118,MIA,0.373,0.275,0.667,11.5,3.3125,1.25,0.375,0.2,-4.4,-0.1,Duncan Robinson
119,MIA,0.556,0.5,1.0,27.0,24.0,2.0,3.0,0.2,4.0,0.0,Kendrick Nunn
120,MIA,,,,1.0,0.0,1.0,0.0,0.0,-52.7,0.0,KZ Okpala
121,MIA,0.429,0.5,1.0,34.0,14.0,8.0,1.0,0.1,-3.7,0.0,Tyler Herro
122,,0.454,0.341,0.835,32.94263862332696,16.692160611854685,4.927342256214149,3.451242829827916,66.1,4.0,26.0,Jimmy Butler
123,MIA,1.0,,1.0,11.0,8.0,6.0,0.0,0.1,9.6,0.0,Chris Silva
124,,0.49,0.073,0.755,25.19672131147541,7.624121779859485,6.7189695550351285,0.8524590163934426,50.7,-1.7,1.5,Udonis Haslem
125,MIA,0.37,0.455,0.571,10.11111111111111,3.2222222222222223,1.3333333333333333,0.7777777777777778,0.0,-7.2,-0.1,Daryl Macon
126,DET,0.429,0.333,0.859,25.22975517890772,12.88135593220339,2.952919020715631,4.397363465160075,28.3,-0.1,6.5,Reggie Jackson
127,DET,0.543,0.145,0.449,30.85082872928177,14.167587476979742,13.714548802946593,1.156537753222836,56.8,1.8,16.1,Andre Drummond
128,DET,0.42,0.323,0.68,14.224489795918368,4.637755102040816,2.770408163265306,0.5816326530612245,4.8,-1.8,0.2,Thon Maker
129,DET,0.443,0.408,0.844,21.37226277372263,8.766423357664234,2.6423357664233578,1.7518248175182483,5.4,-1.4,0.5,Luke Kennard
130,DET,0.388,0.36,0.799,22.391176470588235,8.176470588235293,2.65,1.7441176470588236,10.6,-1.3,1.3,Langston Galloway
131,,0.502,0.342,0.692,35.03145695364238,21.85430463576159,8.968543046357615,4.453642384105961,75.3,4.0,32.3,Blake Griffin
132,DET,0.425,0.383,0.819,21.826185101580137,6.257336343115124,2.363431151241535,1.0316027088036117,13.5,-1.9,0.3,Tony Snell
133,DET,0.4,0.258,0.742,19.706666666666667,4.346666666666667,2.52,1.2666666666666666,1.4,-2.1,0.0,Bruce Brown
134,,0.329,0.326,0.6,10.476190476190476,3.1666666666666665,0.8571428571428571,0.8809523809523809,-0.1,-5.7,-0.4,Sviatoslav Mykhailiuk
135,,0.319,0.286,0.636,7.5,2.3461538461538463,0.7692307692307693,0.3076923076923077,0.0,-5.2,-0.2,Khyri Thomas
136,DET,0.492,0.31,0.707,9.75,5.153846153846154,2.8846153846153846,0.25,1.3,-3.4,-0.2,Christian Wood
137,DET,0.453,0.304,0.824,33.146252285191956,18.828153564899452,3.495429616087751,5.603290676416819,37.3,0.3,10.5,Derrick Rose
138,DET,0.448,0.337,0.778,25.96896551724138,11.610344827586207,5.498275862068965,1.693103448275862,23.7,-0.8,4.4,Markieff Morris
139,DET,0.411,0.329,0.731,18.146341463414632,5.154471544715447,2.4146341463414633,4.060975609756097,6.6,-2.3,-0.4,Tim Frazier
140,LAC,0.476,0.324,0.614,23.07983193277311,7.355042016806722,3.6995798319327733,0.9180672268907563,19.4,0.3,6.3,Maurice Harkless
141,LAC,0.421,0.349,0.839,24.6051227321238,14.221985058697973,2.2017075773746,3.3094983991462112,59.7,0.2,12.9,Lou Williams
142,LAC,0.43,0.423,0.806,22.85,9.125,1.7125,1.4875,3.6,-1.0,0.4,Landry Shamet
143,,0.4,0.316,0.667,9.696969696969697,3.393939393939394,1.2424242424242424,0.5757575757575758,0.1,-4.3,-0.2,Jerome Robinson
144,,0.433,0.378,0.844,33.81456953642384,19.839403973509935,6.44205298013245,3.3112582781456954,65.2,3.8,29.9,Paul George
145,LAC,0.629,0.156,0.626,19.265625,11.25390625,4.421875,1.25390625,19.3,2.5,5.6,Montrezl Harrell
146,LAC,0.495,0.383,0.848,30.846153846153847,17.692307692307693,6.316239316239316,2.41025641025641,66.0,6.1,29.5,Kawhi Leonard
147,LAC,0.542,0.0,0.761,14.673758865248226,6.9361702127659575,4.574468085106383,0.8368794326241135,5.4,-1.3,0.4,Ivica Zubac
148,,0.414,0.348,0.662,23.549382716049383,6.734567901234568,3.246913580246914,1.5617283950617284,5.6,-1.0,0.9,Rodney McGruder
149,LAC,0.412,0.379,0.77,28.325459317585302,9.028871391076116,4.272965879265092,3.459317585301837,24.7,1.9,10.6,Patrick Beverley
150,LAC,0.479,0.372,0.77,22.143333333333334,8.403333333333334,6.136666666666667,0.9466666666666667,14.3,-0.9,1.8,JaMychal Green
151,,0.534,0.111,0.574,10.06060606060606,6.0,3.0303030303030303,0.5454545454545454,0.6,-4.1,-0.2,Johnathan Motley
152,,0.32,0.412,1.0,9.1875,1.8125,1.0,1.0,0.4,-0.5,0.1,Derrick Walton
153,LAC,0.45,0.367,0.748,21.80096308186196,6.897271268057785,4.134831460674158,1.0690208667736758,28.8,0.2,7.7,Patrick Patterson
154,NYK,0.354,0.305,0.735,21.418032786885245,5.811475409836065,2.1639344262295084,3.040983606557377,-1.8,-4.6,-1.7,Frank Ntilikina
155,NYK,0.407,0.316,0.668,29.0,14.40650406504065,3.3739837398373984,4.967479674796748,-0.7,-2.4,-0.4,Dennis Smith Jr.
156,,0.421,0.361,0.736,21.17948717948718,8.213675213675213,2.9572649572649574,1.4188034188034189,2.1,-2.5,-0.3,Damyean Dotson
157,NYK,0.372,0.348,0.717,28.67105263157895,12.842105263157896,4.473684210526316,1.0789473684210527,-1.3,-6.0,-2.2,Kevin Knox
158,,0.694,,0.6,20.606060606060606,7.348484848484849,6.409090909090909,0.5606060606060606,6.1,5.7,2.7,Mitchell Robinson
159,NYK,0.445,0.391,0.803,22.553846153846155,10.692307692307692,3.0307692307692307,1.8307692307692307,0.8,-4.3,-0.8,Allonzo Trier
160,,0.436,0.362,0.778,14.135135135135135,5.621621621621622,1.6756756756756757,2.3783783783783785,0.9,-2.2,0.0,Kadeem Allen
161,NYK,0.692,0.333,0.5,37.0,21.0,5.0,2.0,0.1,2.0,0.0,RJ Barrett
162,NYK,0.503,0.306,0.721,28.490384615384617,15.413461538461538,8.85897435897436,2.733974358974359,18.0,-0.3,3.7,Julius Randle
163,NYK,0.511,0.21,0.709,25.85907859078591,9.811653116531165,6.415989159891599,1.029810298102981,49.7,0.1,9.9,Taj Gibson
164,NYK,0.458,0.359,0.749,20.308,10.22,6.164,1.148,9.0,-2.0,0.1,Bobby Portis
165,NYK,0.41,0.379,0.846,21.258513931888544,8.174922600619196,2.193498452012384,1.1021671826625388,17.7,-2.0,-0.1,Wayne Ellington
166,NYK,0.454,0.303,0.631,29.533527696793,11.104956268221574,4.352769679300292,6.562682215743441,13.4,-0.3,4.3,Elfrid Payton
167,NYK,0.431,0.361,0.749,26.543956043956044,11.573260073260073,4.611721611721611,1.5183150183150182,27.0,-0.6,5.0,Marcus Morris
168,,0.434,0.392,0.828,19.264705882352942,6.823529411764706,2.0698529411764706,1.1029411764705883,9.7,-0.7,1.7,Reggie Bullock
169,,0.555,0.2,0.743,14.552941176470588,5.705882352941177,4.2823529411764705,1.011764705882353,3.2,-1.0,0.3,Ivan Rabb
170,,0.443,0.352,0.793,33.233830845771145,17.48258706467662,4.624378109452737,3.9527363184079602,24.2,1.1,10.4,Victor Oladipo
171,IND,0.515,0.341,0.724,23.11304347826087,10.478260869565217,6.7956521739130435,1.9434782608695653,13.3,-0.2,2.4,Domantas Sabonis
172,IND,0.509,0.356,0.617,8.785714285714286,3.4017857142857144,1.8571428571428572,0.29464285714285715,2.4,-2.9,-0.2,T.J. Leaf
173,IND,0.497,0.338,0.764,27.740458015267176,14.366412213740459,4.1183206106870225,1.118320610687023,12.8,-1.3,1.2,T.J. Warren
174,IND,0.392,0.336,0.82,12.803921568627452,5.764705882352941,1.3333333333333333,1.7450980392156863,0.7,-2.8,-0.1,Aaron Holiday
175,IND,0.459,0.405,0.825,19.9093567251462,7.792397660818714,2.1228070175438596,0.7894736842105263,10.6,-3.0,-1.8,Doug McDermott
176,,0.25,0.5,0.5,4.571428571428571,0.9285714285714286,1.3571428571428572,0.07142857142857142,0.0,-8.1,-0.1,Alize Johnson
177,IND,0.495,0.366,0.772,28.11743772241993,12.91459074733096,6.683274021352313,1.2419928825622777,22.2,1.4,6.8,Myles Turner
178,IND,0.483,0.409,0.896,28.117021276595743,12.845744680851064,3.5106382978723403,3.643617021276596,13.5,0.0,2.7,Malcolm Brogdon
179,IND,0.443,0.339,0.853,20.48394495412844,10.240825688073395,3.6513761467889907,1.5527522935779816,20.7,-0.5,3.3,Jeremy Lamb
180,,0.333,0.25,1.0,5.666666666666667,1.2666666666666666,0.4,1.0,0.0,-8.2,-0.1,Naz Mitrou-Long
181,IND,0.366,0.259,0.625,9.36,2.96,1.04,0.48,0.1,-2.8,0.0,Edmond Sumner
182,,0.45,0.257,0.672,15.965317919075144,5.4508670520231215,2.6763005780346822,0.7861271676300579,2.0,-4.2,-1.6,JaKarr Sampson
183,IND,0.39,0.349,0.832,22.620111731843576,8.09217877094972,2.8379888268156424,1.458100558659218,8.0,-1.3,1.5,Justin Holiday
184,IND,0.487,0.335,0.768,21.993650793650794,6.393650793650794,2.86984126984127,4.650793650793651,12.4,-1.6,0.7,T.J. McConnell
185,DEN,0.46,0.389,0.789,15.903614457831326,7.240963855421687,1.7409638554216869,0.8433734939759037,5.0,-1.8,0.2,Malik Beasley
186,DEN,0.433,0.363,0.878,28.493723849372383,14.828451882845188,3.485355648535565,3.401673640167364,12.1,-0.7,2.2,Jamal Murray
187,,0.437,0.366,0.764,15.777070063694268,5.063694267515924,3.2229299363057327,0.6114649681528662,5.1,-1.3,0.4,Juan Hernangómez
188,DEN,0.491,0.336,0.734,29.337209302325583,14.100422832980973,7.409090909090909,2.2938689217758985,88.3,3.2,36.5,Paul Millsap
189,DEN,0.57,0.074,0.565,22.116525423728813,8.461864406779661,6.315677966101695,2.190677966101695,31.1,2.4,11.6,Mason Plumlee
190,DEN,0.459,0.364,0.802,28.492012779552716,12.415335463258787,2.559105431309904,2.1118210862619806,15.8,-0.1,4.2,Gary Harris
191,DEN,0.462,0.335,0.654,24.098958333333332,8.796875,3.9114583333333335,1.0338541666666667,18.3,-1.1,2.0,Jerami Grant
192,DEN,0.448,0.321,0.676,18.678260869565218,5.243478260869566,3.4434782608695653,0.8608695652173913,4.0,-0.7,0.7,Torrey Craig
193,DEN,0.524,0.347,0.828,28.29126213592233,16.265372168284788,9.576051779935275,5.13915857605178,39.0,7.6,21.3,Nikola Jokić
194,DEN,0.43,0.342,0.79,23.291571753986332,10.562642369020502,3.938496583143508,2.364464692482916,16.7,-0.6,3.5,Will Barton
195,,0.474,0.0,0.6,4.0588235294117645,1.411764705882353,1.3529411764705883,0.17647058823529413,0.1,-4.0,0.0,Jarred Vanderbilt
196,DEN,0.493,0.412,0.812,23.36046511627907,10.081395348837209,2.2906976744186047,3.5697674418604652,6.4,0.1,1.1,Monte Morris
197,,0.391,0.25,0.5,6.75,2.625,2.25,0.625,0.1,-2.9,0.0,PJ Dozier
198,,0.553,0.298,0.75,17.809667673716014,7.525679758308157,4.483383685800605,0.9214501510574018,22.4,2.1,6.1,Dwight Powell
199,DAL,0.45,0.386,0.853,27.42258883248731,9.723350253807107,2.6598984771573604,1.7017766497461928,38.7,-0.2,9.8,Courtney Lee
200,DAL,0.446,0.333,0.769,20.926666666666666,6.973333333333334,2.6866666666666665,1.1466666666666667,4.0,-2.4,-0.3,Justin Jackson
201,DAL,0.418,0.342,0.816,26.081683168316832,13.047029702970297,2.5594059405940595,1.8341584158415842,15.0,-1.8,0.5,Tim Hardaway Jr.
202,DAL,0.43,0.329,0.714,32.21917808219178,21.36986301369863,7.835616438356165,5.917808219178082,5.1,4.2,3.7,Luka Dončić
203,,0.452,0.409,0.789,10.785714285714286,3.9761904761904763,1.5,0.5238095238095238,0.8,-2.3,0.0,Ryan Broekhoff
204,DAL,0.464,0.348,0.718,21.824324324324323,9.283783783783784,2.3378378378378377,3.1486486486486487,2.5,-2.5,-0.2,Jalen Brunson
205,DAL,0.445,0.334,0.797,19.236180904522612,7.366834170854271,2.778894472361809,2.708542713567839,10.6,1.8,3.7,Delon Wright
206,DAL,0.467,0.439,0.846,21.559585492227978,9.27461139896373,1.8911917098445596,1.6787564766839378,8.4,-0.1,2.0,Seth Curry
207,DAL,0.468,0.337,0.767,18.97222222222222,6.048611111111111,3.9652777777777777,0.8472222222222222,6.3,0.9,2.0,Maxi Kleber
208,DAL,0.405,0.303,0.733,22.320652173913043,5.929347826086956,3.7717391304347827,1.0271739130434783,5.0,-0.8,1.2,Dorian Finney-Smith
209,DAL,0.437,0.361,0.805,30.97860962566845,17.834224598930483,7.064171122994653,1.3368983957219251,12.1,-0.1,2.8,Kristaps Porziņģis
210,,0.381,0.75,0.667,7.235294117647059,1.3529411764705883,0.8235294117647058,0.11764705882352941,0.0,-4.5,-0.1,Antonius Cleveland
211,,0.424,0.351,0.792,19.746882793017456,8.968827930174564,2.1134663341645887,3.9376558603491274,23.1,-1.5,1.8,J.J. Barea
212,,0.583,0.4,0.773,9.779569892473118,6.155913978494624,3.9408602150537635,0.5698924731182796,9.7,1.6,1.7,Boban Marjanović
213,PHI,0.555,0.0,0.581,33.95652173913044,16.39751552795031,8.472049689440993,7.950310559006211,17.7,4.3,8.8,Ben Simmons
214,PHI,0.425,0.367,0.824,30.7,12.11923076923077,3.1884615384615387,2.8615384615384616,15.9,0.8,5.6,Josh Richardson
215,PHI,0.48,0.314,0.787,30.660377358490567,24.20125786163522,11.427672955974844,3.157232704402516,17.0,3.4,6.6,Joel Embiid
216,,0.412,0.375,0.75,18.5,6.666666666666667,2.1666666666666665,1.6666666666666667,0.1,-4.0,-0.1,Zhaire Smith
217,,0.494,0.354,0.481,14.522727272727273,4.704545454545454,3.75,0.9090909090909091,1.4,1.2,0.5,Jonah Bolden
218,PHI,0.2,0.333,,22.0,3.0,1.0,1.0,0.0,0.4,0.0,Matisse Thybulle
219,PHI,0.391,0.318,0.714,12.80952380952381,4.142857142857143,1.6666666666666667,0.9047619047619048,0.3,-2.8,-0.1,Shake Milton
220,PHI,0.525,0.367,0.754,32.80304955527319,14.1143583227446,8.385006353240152,3.241423125794155,85.9,3.2,34.1,Al Horford
221,PHI,0.471,0.364,0.821,30.40219378427788,15.447897623400365,5.9689213893967095,1.8884826325411335,39.6,0.1,9.0,Tobias Harris
222,PHI,0.463,0.362,0.756,16.336384439359268,7.14187643020595,3.123569794050343,0.9244851258581236,13.3,-2.4,-0.8,Mike Scott
223,PHI,0.518,0.216,0.748,14.425675675675675,5.565315315315315,4.61936936936937,1.3333333333333333,16.8,1.8,6.2,Kyle O'Quinn
224,PHI,0.456,0.356,0.793,20.544802867383513,6.465949820788531,3.186379928315412,0.8781362007168458,11.6,-0.6,2.0,James Ennis
225,PHI,0.443,0.377,0.776,14.09,4.775,1.305,1.88,4.6,-2.1,-0.1,Raul Neto
226,,0.408,0.34,0.8,23.626038781163434,10.869806094182826,2.0526315789473686,3.6038781163434903,10.2,-2.2,-0.4,Trey Burke
227,PHI,0.389,0.327,0.792,12.34920634920635,4.841269841269841,1.9365079365079365,0.8888888888888888,1.2,-2.8,-0.2,Furkan Korkmaz
228,LAL,0.517,0.313,0.795,34.57173447537473,23.734475374732334,10.526766595289079,2.113490364025696,72.0,4.8,27.6,Anthony Davis
229,,0.453,0.335,0.731,32.074829931972786,17.346938775510203,5.884353741496598,2.1700680272108843,7.0,-1.5,0.6,Kyle Kuzma
230,LAL,0.504,0.343,0.736,38.591326105087575,27.156797331109257,7.413678065054212,7.231025854879066,226.5,9.1,129.8,LeBron James
231,LAL,0.425,0.405,0.817,25.444444444444443,9.02415458937198,3.50402576489533,1.605475040257649,39.5,3.0,20.0,Danny Green
232,,0.461,0.332,0.737,31.99646017699115,21.249557522123894,10.851327433628319,3.2424778761061948,44.1,2.9,22.5,DeMarcus Cousins
233,LAL,0.412,0.345,0.799,29.740976645435243,11.878980891719745,3.3312101910828025,1.634819532908705,23.7,0.0,7.2,Kentavious Caldwell-Pope
234,LAL,0.57,0.074,0.588,17.3801261829653,8.00788643533123,5.080441640378549,0.3785488958990536,31.9,-0.1,5.2,JaVale McGee
235,LAL,0.473,0.414,0.786,16.42622950819672,7.409836065573771,2.0245901639344264,1.9098360655737705,3.5,-3.0,-0.5,Quinn Cook
236,LAL,0.465,0.393,0.732,23.213443396226417,7.741745283018868,3.2735849056603774,1.6049528301886793,42.1,1.1,15.2,Jared Dudley
237,LAL,0.402,0.399,0.817,15.457337883959044,6.955631399317406,1.3447098976109215,0.5767918088737202,4.5,-3.2,-1.3,Troy Daniels
238,,0.439,0.398,0.766,17.629032258064516,5.854838709677419,2.129032258064516,2.4516129032258065,1.5,-1.9,0.0,Alex Caruso
239,,0.46,0.315,0.605,31.65939393939394,10.384242424242425,4.835151515151515,8.454545454545455,58.4,1.4,22.6,Rajon Rondo
240,LAL,0.436,0.364,0.778,28.64435946462715,12.040152963671128,2.9789674952198855,1.8145315487571703,14.5,-1.9,0.6,Avery Bradley
241,,0.0,,0.5,5.5,1.0,0.5,0.0,-0.1,-13.3,0.0,Kostas Antetokounmpo
242,LAL,0.583,0.095,0.567,34.45263157894737,17.33684210526316,12.62200956937799,1.4698564593301435,128.9,2.4,39.9,Dwight Howard
243,MEM,0.423,0.339,0.778,24.233455882352942,9.466911764705882,3.9080882352941178,1.4191176470588236,28.7,0.7,8.8,Jae Crowder
244,,0.395,0.329,0.809,22.662295081967212,5.918032786885246,3.2688524590163937,1.544262295081967,9.2,-0.7,2.3,Solomon Hill
245,,0.415,0.294,0.65,25.30128205128205,12.320512820512821,4.4743589743589745,1.935897435897436,-2.4,-4.6,-2.5,Josh Jackson
246,,0.466,0.333,0.71,33.42418772563177,12.144404332129964,5.082129963898917,4.351083032490974,96.4,2.9,45.5,Andre Iguodala
247,MEM,0.435,0.359,0.745,26.712871287128714,10.297029702970297,2.900990099009901,1.504950495049505,1.2,-3.4,-1.0,Dillon Brooks
248,MEM,0.504,0.345,0.767,26.1864406779661,13.813559322033898,4.661016949152542,1.0847457627118644,3.3,0.1,0.8,Jaren Jackson Jr.
249,MEM,0.375,0.317,0.75,11.205128205128204,5.538461538461538,0.6153846153846154,0.6923076923076923,0.0,-6.6,-0.5,Grayson Allen
250,MEM,0.492,0.322,0.706,19.611295681063122,5.332225913621262,3.916943521594684,1.9003322259136213,15.4,2.1,6.1,Kyle Anderson
251,,0.294,0.125,0.7,11.6,2.6,2.066666666666667,0.5333333333333333,-0.2,-9.3,-0.3,Yuta Watanabe
252,MEM,0.391,0.305,0.7,19.352941176470587,4.901960784313726,2.627450980392157,3.156862745098039,0.0,-2.6,-0.1,De'Anthony Melton
253,MEM,0.39,0.341,0.839,14.542857142857143,4.814285714285714,2.8142857142857145,0.8428571428571429,1.1,-1.4,0.1,Bruno Caboclo
254,MEM,0.5,0.0,0.5,25.0,14.0,4.0,4.0,-0.1,-1.0,0.0,Ja Morant
255,MEM,0.5,1.0,1.0,23.0,8.0,7.0,1.0,0.1,5.7,0.0,Brandon Clarke
256,MEM,0.42,0.332,0.814,17.733870967741936,5.096774193548387,1.5362903225806452,3.346774193548387,8.5,-1.3,0.8,Tyus Jones
257,MEM,0.558,0.352,0.786,25.13673469387755,12.061224489795919,8.5,0.8,45.3,0.0,6.1,Jonas Valančiūnas
258,MEM,0.5,0.0,1.0,24.0,9.0,2.0,2.0,0.0,-2.8,0.0,Marko Guduric
259,UTA,0.628,0.0,0.63,28.744471744471745,11.132678132678132,10.538083538083539,1.339066339066339,52.9,5.1,21.0,Rudy Gobert
260,UTA,0.44,0.374,0.819,32.60709759188847,14.877059569074778,2.9493029150823826,5.721166032953105,71.2,1.9,25.5,Mike Conley
261,UTA,0.436,0.351,0.805,33.5796178343949,22.146496815286625,3.9745222929936306,3.9235668789808917,10.6,0.9,3.9,Donovan Mitchell
262,,0.407,0.0,0.75,5.416666666666667,2.0833333333333335,2.1666666666666665,0.16666666666666666,0.1,-4.7,0.0,Tony Bradley
263,UTA,0.457,0.378,0.788,18.75657894736842,5.151315789473684,3.460526315789474,1.4407894736842106,5.8,-0.1,1.4,Royce O'Neale
264,UTA,0.447,0.408,0.741,24.72972972972973,8.00982800982801,3.108108108108108,3.3538083538083536,23.1,1.7,9.3,Joe Ingles
265,,0.4,0.304,0.77,19.333333333333332,5.916666666666667,1.75,2.264705882352941,2.7,-3.3,-1.3,Dante Exum
266,UTA,0.434,0.364,0.821,7.0,2.880434782608696,1.2391304347826086,0.4673913043478261,1.0,-2.8,-0.1,Georges Niang
267,UTA,0.463,0.388,0.846,27.7825,13.2775,3.3775,1.395,18.5,-1.7,1.0,Bojan Bogdanović
268,UTA,0.394,0.32,0.742,25.704453441295545,11.793522267206479,3.076923076923077,4.161943319838056,-1.1,-3.7,-2.8,Emmanuel Mudiay
269,UTA,0.441,0.333,0.805,30.006968641114984,13.153310104529616,4.502903600464576,1.5934959349593496,40.2,-1.3,4.4,Jeff Green
270,UTA,0.569,0.0,0.584,20.223088923556944,6.4992199687987515,6.767550702028081,0.7784711388455539,41.3,0.9,9.5,Ed Davis
271,POR,0.434,0.368,0.889,36.263636363636365,23.529090909090908,4.169090909090909,6.34,70.5,4.0,30.1,Damian Lillard
272,POR,0.454,0.401,0.839,29.99757281553398,17.815533980582526,3.1383495145631066,2.9101941747572817,27.7,0.2,7.0,CJ McCollum
273,POR,0.418,0.351,0.72,20.671487603305785,8.694214876033058,3.06198347107438,1.8987603305785123,11.0,-1.0,2.6,Kent Bazemore
274,POR,0.575,0.222,0.594,26.031976744186046,13.369186046511627,11.418604651162791,0.5901162790697675,37.0,0.4,5.5,Hassan Whiteside
275,POR,0.481,0.375,0.749,17.57758620689655,7.646551724137931,4.301724137931035,0.9568965517241379,3.0,-2.5,-0.2,Skal Labissière
276,POR,0.441,0.318,0.72,16.88888888888889,5.638888888888889,3.8194444444444446,0.8541666666666666,3.5,-1.4,0.4,Zach Collins
277,POR,0.429,0.323,0.556,7.285714285714286,3.8095238095238093,0.6190476190476191,0.6190476190476191,0.0,-6.2,-0.2,Anfernee Simons
278,,0.491,0.071,0.666,22.912903225806453,11.638709677419355,8.0,1.9,16.4,1.3,5.9,Jusuf Nurkić
279,,0.32,0.238,0.429,7.4,2.6666666666666665,0.7333333333333333,0.3333333333333333,-0.2,-10.3,-0.2,Gary Trent Jr.
280,POR,0.418,0.376,0.772,19.90827067669173,6.366917293233083,3.386466165413534,0.9112781954887218,25.3,-0.5,5.1,Anthony Tolliver
281,POR,0.416,0.32,0.812,18.899280575539567,7.302158273381295,3.0431654676258995,1.3129496402877698,2.4,-3.0,-1.3,Mario Hezonja
282,POR,0.422,0.367,0.841,27.221183800623052,12.554517133956386,2.844236760124611,1.912772585669782,16.1,-1.0,2.2,Rodney Hood
283,,0.507,0.368,0.753,33.44290375203915,17.042414355628058,9.221044045676999,3.201468189233279,144.1,3.5,56.8,Pau Gasol
284,,0.433,0.324,0.781,35.85514834205934,18.986038394415356,4.333333333333333,9.218150087260035,44.3,2.3,22.1,John Wall
285,,0.537,0.125,0.612,16.45689655172414,5.044827586206897,4.287931034482758,0.5310344827586206,24.7,-0.3,4.0,Ian Mahinmi
286,WAS,0.451,0.383,0.797,34.37832310838446,19.842535787321065,3.9529652351738243,3.7484662576687118,36.4,1.0,12.6,Bradley Beal
287,,0.412,0.359,0.81,20.430787589498806,9.599045346062052,2.3854415274463006,1.0763723150357996,30.0,-1.0,4.3,C.J. Miles
288,WAS,0.426,0.309,0.818,10.522727272727273,5.0,1.9772727272727273,0.5454545454545454,0.2,-4.9,-0.3,Moritz Wagner
289,,0.415,0.319,0.681,14.038461538461538,4.769230769230769,2.7884615384615383,1.5384615384615385,0.6,-3.7,-0.3,Troy Brown Jr.
290,WAS,0.237,0.1,0.563,6.217391304347826,1.2173913043478262,1.2173913043478262,0.7391304347826086,-0.1,-2.1,0.0,Isaac Bonga
291,WAS,0.443,0.403,0.847,16.085972850678733,6.208144796380091,2.3484162895927603,0.995475113122172,9.3,1.2,2.9,Dāvis Bertāns
292,WAS,0.428,0.351,0.788,10.74712643678161,4.954022988505747,1.2183908045977012,0.8850574712643678,1.0,-4.8,-0.7,Jordan McRae
293,WAS,0.467,0.0,,25.0,14.0,10.0,0.0,0.0,-9.4,0.0,Rui Hachimura
294,WAS,0.0,0.0,,16.0,0.0,0.0,1.0,0.0,-8.9,0.0,Admiral Schofield
295,WAS,0.603,0.306,0.776,18.170454545454547,9.022727272727273,5.4772727272727275,1.1477272727272727,5.7,1.4,1.3,Thomas Bryant
296,WAS,0.427,0.306,0.678,19.414364640883978,7.416206261510129,2.3646408839779007,3.7808471454880292,11.0,-2.2,-0.6,Ish Smith
297,,0.437,0.36,0.874,29.395876288659792,18.5979381443299,2.515463917525773,5.057731958762886,45.3,1.9,13.9,Isaiah Thomas
298,WAS,,,,1.0,0.0,0.0,1.0,0.0,-32.5,0.0,Garrison Mathews
299,WAS,,,,1.0,0.0,0.0,0.0,0.0,-1.9,0.0,Justin Robinson
300,WAS,0.308,0.5,,6.5,1.5,0.875,0.875,0.0,-1.3,0.0,Chris Chiozza
301,OKC,0.429,0.325,0.825,24.73611111111111,13.36111111111111,2.7175925925925926,4.6342592592592595,13.0,-2.0,-0.1,Dennis Schröder
302,OKC,0.587,0.0,0.552,26.826923076923077,9.636752136752136,7.386752136752137,1.0064102564102564,38.6,1.7,11.8,Steven Adams
303,OKC,0.425,0.376,0.871,31.054545454545455,15.892727272727273,4.865454545454545,2.036363636363636,50.6,1.2,13.8,Danilo Gallinari
304,,0.387,0.333,0.667,11.155963302752294,3.55045871559633,1.7155963302752293,0.42201834862385323,0.8,-5.3,-1.0,Abdel Nader
305,,0.482,0.257,0.467,22.545762711864406,4.596610169491526,4.027118644067796,0.8711864406779661,12.7,0.6,4.4,Andre Roberson
306,OKC,0.425,0.356,0.762,19.985294117647058,5.176470588235294,1.3970588235294117,0.6764705882352942,4.1,-2.1,-0.1,Terrance Ferguson
307,OKC,0.475,0.37,0.791,26.63855421686747,11.024096385542169,2.819277108433735,3.2650602409638556,3.4,-0.4,0.9,Shai Gilgeous-Alexander
308,OKC,0.469,0.371,0.868,35.099894847528915,18.526813880126184,4.490010515247108,9.65720294426919,171.7,7.3,78.4,Chris Paul
309,OKC,0.462,0.16,0.603,10.557692307692308,3.8846153846153846,1.9230769230769231,0.3269230769230769,0.8,-4.7,-0.4,Hamidou Diallo
310,,0.402,0.296,0.667,7.5,2.5625,0.875,0.28125,0.1,-6.3,-0.3,Deonte Burton
311,OKC,0.0,0.0,,19.0,0.0,3.0,0.0,-0.1,-9.6,0.0,Darius Bazley
312,OKC,0.523,0.25,0.631,22.774086378737543,8.129568106312293,6.451827242524917,1.212624584717608,16.7,1.6,6.3,Nerlens Noel
313,OKC,0.466,0.363,0.843,15.912337662337663,5.717532467532467,3.2662337662337664,0.9415584415584416,11.9,0.0,2.5,Mike Muscala
314,,0.333,0.0,0.5,6.25,1.75,1.5,0.75,0.0,0.4,0.0,Justin Patton
315,SAC,0.447,0.419,0.875,26.76734693877551,14.971428571428572,4.053061224489796,1.9714285714285715,10.1,-0.3,2.8,Buddy Hield
316,SAC,0.372,0.133,0.655,7.530612244897959,2.142857142857143,2.4489795918367347,0.5102040816326531,-0.2,-6.5,-0.4,Caleb Swanigan
317,,0.503,0.0,0.637,14.137931034482758,7.0344827586206895,3.8275862068965516,1.4655172413793103,1.0,-2.1,0.0,Harry Giles
318,SAC,0.439,0.345,0.724,29.670967741935485,14.522580645161291,3.2838709677419353,5.903225806451613,4.9,-1.4,0.7,De'Aaron Fox
319,SAC,0.429,0.374,0.833,27.812080536912752,12.812080536912752,3.140939597315436,3.5369127516778525,5.4,-0.9,1.1,Bogdan Bogdanović
320,SAC,0.501,0.313,0.688,25.317460317460316,14.873015873015873,7.634920634920635,0.9841269841269841,3.6,-1.9,0.0,Marvin Bagley III
321,SAC,0.46,0.381,0.755,20.166666666666668,7.0777777777777775,4.355555555555555,1.4703703703703703,10.7,0.6,3.6,Nemanja Bjelica
322,SAC,0.423,0.375,0.834,22.75,8.615,2.35,2.55,6.8,-1.2,0.9,Yogi Ferrell
323,SAC,,,0.5,2.0,1.0,1.0,0.0,0.0,-11.3,0.0,Wenyen Gabriel
324,SAC,0.444,0.327,0.762,21.506616257088847,6.947069943289225,2.578449905482042,2.8147448015122873,21.9,-0.6,3.9,Cory Joseph
325,SAC,0.422,0.351,0.728,29.820158102766797,10.670948616600791,4.82905138339921,2.1798418972332017,60.0,1.5,26.3,Trevor Ariza
326,SAC,0.446,0.374,0.794,30.724584103512015,13.55637707948244,4.900184842883549,1.5360443622920517,29.6,-1.4,2.6,Harrison Barnes
327,SAC,0.533,0.369,0.725,18.333333333333332,6.461538461538462,6.042735042735043,0.717948717948718,17.5,-0.1,3.0,Dewayne Dedmon
328,SAC,0.564,0.257,0.705,16.92511013215859,7.621145374449339,4.3744493392070485,0.933920704845815,12.3,1.1,3.0,Richaun Holmes
329,ORL,0.413,0.382,0.863,24.064356435643564,9.823019801980198,1.886138613861386,3.9715346534653464,42.0,-1.5,2.7,D.J. Augustin
330,ORL,0.446,0.371,0.803,27.96943231441048,13.47816593886463,2.7620087336244543,2.521834061135371,19.5,-1.0,3.1,Evan Fournier
331,ORL,0.419,0.326,0.802,24.815533980582526,8.427184466019417,5.029126213592233,0.970873786407767,4.3,-0.3,1.1,Jonathan Isaac
332,ORL,0.417,0.222,0.534,20.676470588235293,7.852941176470588,3.323529411764706,3.4705882352941178,0.6,-3.2,-0.2,Markelle Fultz
333,,0.419,0.304,0.787,17.33076923076923,4.369230769230769,2.4692307692307693,1.0,2.5,-3.0,-0.6,Wesley Iwundu
334,ORL,0.484,0.301,0.587,16.25,6.229166666666667,5.0,0.8333333333333334,1.8,0.0,0.4,Mohamed Bamba
335,ORL,0.45,0.321,0.707,27.862573099415204,12.450292397660819,6.181286549707602,2.1608187134502925,18.1,0.2,5.3,Aaron Gordon
336,,0.333,0.0,0.25,4.4,1.5,0.5,0.1,-0.1,-12.9,-0.1,Melvin Frazier
337,ORL,0.423,0.337,0.746,25.205663189269746,7.712369597615499,6.095380029806259,1.232488822652757,27.4,0.0,8.5,Al-Farouq Aminu
338,ORL,0.502,0.331,0.741,30.054003724394786,15.702048417132216,10.141527001862197,2.445065176908752,41.9,1.7,15.3,Nikola Vučević
339,ORL,0.423,0.374,0.819,24.261663286004058,10.49290060851927,2.7789046653144016,1.0851926977687627,19.1,-0.8,3.5,Terrence Ross
340,ORL,0.401,0.251,0.702,26.199367088607595,10.848101265822784,4.525316455696203,4.629746835443038,5.2,-0.7,2.7,Michael Carter-Williams
341,,0.574,0.0,0.694,13.271739130434783,4.543478260869565,4.021739130434782,0.782608695652174,4.6,1.4,1.1,Khem Birch
342,,0.326,0.364,1.0,12.0,2.5555555555555554,1.0555555555555556,3.1666666666666665,0.4,-5.4,-0.2,Josh Magette
343,,0.625,,0.875,5.666666666666667,2.25,1.75,0.25,0.4,2.1,0.1,Amile Jefferson
344,BOS,0.462,0.366,0.657,24.336322869955158,11.228699551569507,3.9730941704035874,1.2466367713004485,9.0,-1.8,0.3,Jaylen Brown
345,BOS,0.46,0.401,0.836,30.8125,14.85,5.55625,1.8625,12.0,0.1,2.6,Jayson Tatum
346,BOS,0.446,0.364,0.821,30.622033898305084,15.133898305084745,4.198305084745763,3.4033898305084747,48.1,1.9,17.6,Gordon Hayward
347,BOS,0.38,0.316,0.613,13.492307692307692,2.9307692307692306,1.9076923076923078,0.33076923076923076,1.8,-3.7,-0.8,Semi Ojeleye
348,BOS,0.691,,0.588,8.909090909090908,2.606060606060606,2.5454545454545454,0.24242424242424243,1.2,4.8,0.5,Robert Williams
349,BOS,0.372,0.31,0.764,28.423976608187136,9.292397660818713,3.5350877192982457,3.9327485380116958,16.2,0.6,6.4,Marcus Smart
350,BOS,0.0,,,7.0,0.0,1.0,0.0,0.0,-7.5,0.0,Grant Williams
351,BOS,0.418,0.357,0.835,34.06105610561056,19.836633663366335,3.8267326732673266,5.462046204620462,48.4,2.5,23.2,Kemba Walker
352,BOS,0.2,0.333,,11.0,3.0,1.0,0.0,0.0,-4.9,0.0,Carsen Edwards
353,BOS,0.544,0.349,0.745,14.261538461538462,5.446153846153846,3.8461538461538463,0.9538461538461539,7.0,2.5,2.1,Daniel Theis
354,BOS,0.541,0.292,0.778,22.215753424657535,11.914383561643836,7.6061643835616435,0.8424657534246576,39.7,-1.3,2.2,Enes Kanter
355,BOS,0.467,0.41,0.857,9.432432432432432,3.7837837837837838,1.1081081081081081,1.5405405405405406,0.9,-2.4,0.0,Brad Wanamaker
356,,0.539,0.273,0.572,20.128395061728394,7.807407407407408,5.446913580246914,1.0913580246913581,19.3,0.5,5.1,John Henson
357,,0.413,0.354,0.812,30.10688836104513,14.45605700712589,3.173396674584323,4.038004750593824,11.6,-1.5,1.7,Brandon Knight
358,CLE,0.52,0.0,0.61,27.857904085257548,9.184724689165186,8.573712255772646,0.8969804618117229,40.2,-0.6,5.6,Tristan Thompson
359,CLE,0.444,0.334,0.815,27.532637075718014,14.694516971279374,3.234986945169713,2.6840731070496084,10.4,-1.8,0.6,Jordan Clarkson
360,CLE,0.392,0.38,0.833,21.285714285714285,5.965608465608466,1.8518518518518519,3.740740740740741,10.0,-3.4,-2.9,Matthew Dellavedova
361,,0.583,,0.708,14.241758241758241,6.351648351648351,4.175824175824176,0.6373626373626373,3.0,-2.6,-0.2,Ante Žižić
362,CLE,0.438,0.353,0.736,22.78985507246377,9.0,3.4782608695652173,1.7246376811594204,2.5,-2.2,-0.2,Cedi Osman
363,CLE,0.429,0.401,0.838,31.746987951807228,16.710843373493976,2.8674698795180724,2.9518072289156625,-0.6,-5.1,-2.1,Collin Sexton
364,CLE,0.442,0.37,0.827,32.004559270516715,18.262917933130698,11.268996960486323,2.31306990881459,78.3,2.7,24.9,Kevin Love
365,CLE,0.538,0.292,0.695,22.888461538461538,7.719230769230769,6.5346153846153845,1.6846153846153846,16.4,2.2,6.3,Larry Nance Jr.
366,,0.49,0.354,0.569,12.279069767441861,4.162790697674419,2.953488372093023,0.37209302325581395,2.2,-2.5,-0.1,Alfonzo McKinnie
367,CLE,0.333,0.5,,32.0,8.0,2.0,5.0,0.0,-2.2,0.0,Darius Garland
368,CLE,0.0,0.0,,17.0,0.0,1.0,2.0,-0.1,-8.8,0.0,Kevin Porter Jr.
369,,0.455,0.336,0.794,27.9,14.094736842105263,3.9105263157894736,4.778947368421052,37.0,2.2,16.8,Eric Bledsoe
370,,0.521,0.277,0.742,32.73118279569893,18.806451612903224,8.266666666666667,4.131182795698924,53.2,4.5,24.8,Giannis Antetokounmpo
371,,0.423,0.364,0.551,13.614285714285714,4.3,3.3142857142857145,0.7857142857142857,1.8,-1.7,0.1,D.J. Wilson
372,,0.439,0.357,0.758,16.160714285714285,5.258928571428571,2.919642857142857,0.9732142857142857,2.8,-2.6,-0.3,Sterling Brown
373,,0.403,0.265,0.75,15.222222222222221,4.851851851851852,2.4074074074074074,1.1481481481481481,0.6,-1.8,0.0,Donte DiVincenzo
374,,0.443,0.365,0.773,23.923489932885907,10.583892617449665,5.8120805369127515,1.1476510067114094,44.9,-0.2,8.3,Ersan İlyasova
375,,0.439,0.349,0.796,14.851851851851851,4.611111111111111,2.3287037037037037,1.162037037037037,6.8,-0.6,1.2,Pat Connaughton
376,,0.498,0.347,0.791,30.92747559274756,17.313807531380753,6.548117154811716,1.5216178521617851,60.1,1.0,17.0,Brook Lopez
377,,0.453,0.378,0.801,28.196969696969695,11.245179063360881,3.103305785123967,3.201101928374656,59.9,1.7,19.0,George Hill
378,,0.451,0.388,0.87,31.712087912087913,15.668131868131868,4.443956043956044,3.2263736263736265,31.0,0.2,8.0,Khris Middleton
379,,0.531,0.216,0.757,23.04046997389034,9.06396866840731,5.280678851174935,0.8381201044386423,43.0,0.1,9.3,Robin Lopez
380,,0.425,0.382,0.826,32.56767955801105,13.672651933701658,3.0939226519337018,2.2154696132596685,47.8,0.9,17.4,Wesley Matthews
381,,0.75,0.0,,3.0,3.0,0.5,0.0,0.0,-4.1,0.0,Thanasis Antetokounmpo
382,,0.394,0.321,0.647,20.28654970760234,5.304093567251462,3.783625730994152,1.2222222222222223,0.2,-3.1,-1.0,Dragan Bender
383,,0.423,0.412,0.889,13.631578947368421,5.0,1.631578947368421,0.6842105263157895,0.4,-2.3,0.0,Cameron Reynolds
384,,0.392,0.3,0.773,15.766666666666667,6.7555555555555555,1.9222222222222223,2.566666666666667,0.9,-3.7,-0.6,Frank Mason III
385,,0.443,0.429,0.878,25.743611584327088,9.852640545144805,2.9991482112436114,1.7427597955706984,70.9,0.8,21.2,Kyle Korver
386,,0.443,0.365,0.857,34.12549019607843,24.349019607843136,5.228758169934641,6.2,121.9,7.1,59.9,James Harden
387,,0.428,0.374,0.814,33.04133545310016,16.68839427662957,2.494435612082671,2.9284578696343404,33.6,-0.9,5.8,Eric Gordon
388,,0.422,0.361,0.744,28.737113402061855,7.3951890034364265,5.709621993127148,1.4158075601374571,30.0,0.9,12.2,P.J. Tucker
389,,0.434,0.308,0.801,34.50669914738124,22.97076735688185,7.015834348355664,8.400730816077953,96.9,6.6,61.6,Russell Westbrook
390,,0.488,0.333,0.786,7.892857142857143,1.8928571428571428,1.6785714285714286,0.5357142857142857,0.5,-0.6,0.1,Isaiah Hartenstein
391,,0.635,0.0,0.525,25.06779661016949,11.972881355932204,9.172881355932203,0.9355932203389831,31.4,1.9,7.3,Clint Capela
392,,0.331,0.297,1.0,12.568627450980392,2.9019607843137254,2.2745098039215685,0.35294117647058826,1.0,-1.8,0.0,Gary Clark
393,,0.457,0.377,0.794,21.952380952380953,8.222222222222221,3.4444444444444446,1.0317460317460319,2.9,-1.3,0.3,Danuel House
394,,0.417,0.347,0.637,24.634297520661157,9.208677685950413,2.041322314049587,2.384297520661157,9.1,-2.8,-2.3,Austin Rivers
395,,0.596,0.0,0.645,27.687830687830687,8.355379188712522,9.171957671957673,0.8474426807760141,101.5,1.5,27.4,Tyson Chandler
396,,0.417,0.353,0.783,23.70923913043478,8.80163043478261,2.470108695652174,1.1059782608695652,4.6,-2.8,-1.7,Ben McLemore
397,,0.417,0.361,0.818,19.796352583586625,9.74468085106383,2.4908814589665655,0.9057750759878419,18.4,-2.5,-1.5,Gerald Green
398,,0.548,0.132,0.66,26.152331606217615,11.304663212435234,6.0393782383419685,1.7813471502590674,73.3,1.8,24.4,Nenê
399,,0.45,0.352,0.735,22.495169082125603,5.920289855072464,3.8152173913043477,1.4142512077294687,38.6,1.1,14.5,Thabo Sefolosha
400,,0.422,0.38,0.854,25.89644513137558,12.358578052550232,5.2642967542503865,0.9026275115919629,46.7,0.6,11.0,Ryan Anderson
401,,0.439,0.323,0.706,28.103189493433394,9.052532833020638,6.941838649155723,4.857410881801126,43.3,3.7,21.5,Draymond Green
402,,0.477,0.436,0.905,34.37896253602305,23.50864553314121,4.512968299711815,6.610951008645533,102.9,6.5,51.1,Stephen Curry
403,,0.402,0.344,0.711,17.5,5.913043478260869,4.217391304347826,1.0217391304347827,1.2,-1.0,0.2,Omari Spellman
404,,0.34,0.267,0.0,6.8,1.3333333333333333,0.8333333333333334,0.7666666666666667,-0.1,-6.9,-0.3,Jacob Evans
405,,0.419,0.353,0.762,28.5,16.518382352941178,3.672794117647059,5.077205882352941,6.6,0.4,4.6,D'Angelo Russell
406,,0.534,0.222,0.611,24.033898305084747,10.071186440677966,6.3694915254237285,1.6372881355932203,17.4,0.6,4.7,Willie Cauley-Stein
407,,0.439,0.361,0.726,14.356164383561644,4.365296803652968,2.105022831050228,0.5570776255707762,4.7,-2.6,-0.5,Glenn Robinson III
408,,0.459,0.419,0.848,33.073170731707314,19.504065040650406,3.4634146341463414,2.3024390243902437,46.8,0.2,11.3,Klay Thompson
409,,0.595,0.192,0.593,14.014705882352942,4.465686274509804,3.7549019607843137,0.9509803921568627,10.3,2.3,3.1,Kevon Looney
410,,0.423,0.355,0.771,21.1002331002331,9.531468531468532,3.0396270396270397,1.6993006993006994,13.0,-2.2,-0.5,Alec Burks
411,,0.423,0.328,0.804,16.574468085106382,6.787234042553192,2.872340425531915,0.8936170212765957,1.1,-2.8,-0.2,Damion Lee
412,,0.429,0.296,0.628,19.131979695431472,7.568527918781726,4.49238578680203,0.8375634517766497,2.3,-2.4,-0.4,Marquese Chriss
413,,0.462,0.373,0.713,30.326436781609196,12.77471264367816,4.517241379310345,2.754022988505747,29.0,1.6,12.0,Chandler Parsons
414,,0.435,0.296,0.781,27.240524781341108,9.857142857142858,4.723032069970846,3.5335276967930027,20.5,-2.0,0.1,Evan Turner
415,,0.429,0.393,0.835,24.627906976744185,9.537790697674419,2.895348837209302,1.1656976744186047,13.8,-1.0,2.0,Allen Crabbe
416,,0.445,0.281,0.605,18.883561643835616,6.328767123287672,3.3493150684931505,1.9109589041095891,0.8,-2.8,-0.6,DeAndre' Bembry
417,,0.643,,0.577,11.918367346938776,3.5510204081632653,2.2857142857142856,0.6122448979591837,1.6,-0.3,0.2,Damian Jones
418,,0.566,0.346,0.743,26.77037037037037,14.555555555555555,8.414814814814815,1.6222222222222222,11.4,1.5,3.2,John Collins
419,,0.418,0.324,0.829,30.901234567901234,19.123456790123456,3.7160493827160495,8.061728395061728,3.3,-1.1,0.6,Trae Young
420,,0.419,0.385,0.732,27.30666666666667,9.693333333333333,3.2666666666666666,2.8533333333333335,1.5,-1.9,0.1,Kevin Huerter
421,,0.487,0.349,0.695,19.902912621359224,7.949029126213592,6.308252427184466,0.837378640776699,15.6,-1.6,0.8,Alex Len
422,,0.491,0.337,0.739,29.720647773279353,15.076923076923077,5.744939271255061,2.125506072874494,11.6,-1.5,0.9,Jabari Parker
423,,0.261,0.333,0.818,3.5625,1.4375,0.1875,0.875,0.0,-10.9,-0.1,Brandon Goodwin
424,,0.437,0.374,0.798,30.716407832545578,17.170830519918972,4.37677245104659,3.150573936529372,125.5,2.8,55.0,Vince Carter
425,,0.435,0.237,0.674,16.07608695652174,5.532608695652174,2.239130434782609,1.2282608695652173,0.5,-3.8,-0.7,Tyrone Wallace
